1)
mysql> select * from student;
+-----------+------------+--------+--------------+------------+------------+----------+
| regno     | name       | Gender | city         | mobile_no  | DOB        | CourseNO |
+-----------+------------+--------+--------------+------------+------------+----------+
|  19201134 | priya      | F      | kancheepuram | 9887854327 | 2004-06-16 | 105      |
| 191711342 | jaya shree | F      | chennai      | 9944560908 | 2003-07-12 | 105      |
| 192011460 | ganesh     | M      | chittoor     | 7337276715 | 2003-06-28 | 101      |
| 192011876 | revanth    | M      | NELLORE      | 9704670412 | 2000-07-06 | 101      |
| 192013445 | venugopal  | M      | madanapalli  | 9865895443 | 2003-09-16 | 101      |
+-----------+------------+--------+--------------+------------+------------+----------+
5 rows in set (0.00 sec)
2)
mysql> select *from student where gender='F';
+-----------+------------+--------+--------------+------------+------------+----------+
| regno     | name       | Gender | city         | mobile_no  | DOB        | CourseNO |
+-----------+------------+--------+--------------+------------+------------+----------+
|  19201134 | priya      | F      | kancheepuram | 9887854327 | 2004-06-16 | 105      |
| 191711342 | jaya shree | F      | chennai      | 9944560908 | 2003-07-12 | 105      |
+-----------+------------+--------+--------------+------------+------------+----------+
2 rows in set (0.02 sec)
3)
mysql> select * from student where CourseNo=101;
+-----------+-----------+--------+-------------+------------+------------+----------+
| regno     | name      | Gender | city        | mobile_no  | DOB        | CourseNO |
+-----------+-----------+--------+-------------+------------+------------+----------+
| 192011460 | ganesh    | M      | chittoor    | 7337276715 | 2003-06-28 | 101      |
| 192011876 | revanth   | M      | NELLORE     | 9704670412 | 2000-07-06 | 101      |
| 192013445 | venugopal | M      | madanapalli | 9865895443 | 2003-09-16 | 101      |
+-----------+-----------+--------+-------------+------------+------------+----------+
3 rows in set (0.02 sec)
4)
mysql>  select * from faculty where doj<='2014-11-01';
+-------+---------+--------+------------+------------+--------+------------+
| FacNO | FacName | Gender | DOB        | DOJ        | DeptNo | MobileNo   |
+-------+---------+--------+------------+------------+--------+------------+
| 3     | geetha  | F      | 1997-05-18 | 2009-07-14 | 219    | 9374567867 |
+-------+---------+--------+------------+------------+--------+------------+
1 row in set (0.00 sec)
5)
mysql> select * from course where hallno=0;
+----------+------------+------------+-------+--------+-------+
| CourseNo | Coursedesc | CourseType | semno | HallNo | FacNo |
+----------+------------+------------+-------+--------+-------+
| 101      | maths      | M          | 6     | 0      | 1234  |
+----------+------------+------------+-------+--------+-------+
1 row in set (0.00 sec)
6)
mysql> select * from student where name like '%ma';
+-----------+---------+--------+-----------+------------+------------+----------+
| regno     | name    | Gender | city      | mobile_no  | DOB        | CourseNO |
+-----------+---------+--------+-----------+------------+------------+----------+
| 192013452 | anupama | M      | HYDERABAD | 9876543298 | 1996-09-14 | 105      |
+-----------+---------+--------+-----------+------------+------------+----------+
1 row in set (0.00 sec)
7)
mysql> select * from student where name like'%ma%';
+-----------+---------+--------+-----------+------------+------------+----------+
| regno     | name    | Gender | city      | mobile_no  | DOB        | CourseNO |
+-----------+---------+--------+-----------+------------+------------+----------+
| 192011452 | sumanth | M      | salem     | 9785674388 | 2004-07-02 | 107      |
| 192013452 | anupama | M      | HYDERABAD | 9876543298 | 1996-09-14 | 105      |
+-----------+---------+--------+-----------+------------+------------+----------+
2 rows in set (0.00 sec)
8)
mysql> select * from student where city like'%sal%';
+-----------+---------+--------+-------+------------+------------+----------+
| regno     | name    | Gender | city  | mobile_no  | DOB        | CourseNO |
+-----------+---------+--------+-------+------------+------------+----------+
| 192011452 | sumanth | M      | salem | 9785674388 | 2004-07-02 | 107      |
| 192345321 | sai     | M      | salur | 9854455674 | 2001-08-19 | 124      |
+-----------+---------+--------+-------+------------+------------+----------+
2 rows in set (0.00 sec)
9)
mysql> select * from student where name not like'______';
+-----------+------------+--------+--------------+------------+------------+----------+
| regno     | name       | Gender | city         | mobile_no  | DOB        | CourseNO |
+-----------+------------+--------+--------------+------------+------------+----------+
|  19201134 | priya      | F      | kancheepuram | 9887854327 | 2004-06-16 | 105      |
| 192345321 | sai        | M      | salur        | 9854455674 | 2001-08-19 | 124      |
+-----------+------------+--------+--------------+------------+------------+----------+
7 rows in set (0.00 sec)
10)
mysql> select* from student where name like'%th%';
+-----------+---------+--------+---------+------------+------------+----------+
| regno     | name    | Gender | city    | mobile_no  | DOB        | CourseNO |
+-----------+---------+--------+---------+------------+------------+----------+
| 192011452 | sumanth | M      | salem   | 9785674388 | 2004-07-02 | 107      |
| 192011876 | revanth | M      | NELLORE | 9704670412 | 2000-07-06 | 101      |
+-----------+---------+--------+---------+------------+------------+----------+
2 rows in set (0.00 sec)








